Requesting for,Name,Phone,Aadhar Id,Email,Category,Country,State,City,Zip,Address,Request Description,Proof of Upload
For Others,tanmay,(212) 121-2121,121212111212,pkpulumati@gmail.com,Food,India,Andhra Pradesh,,,,need,https://chatrasahaya.org/wp-content/uploads/gravity_forms/3-e3a5298cc0b523bab1a3a6347a621687/2023/11/Test-Plan-Food-Review-Page1.docx
For Self,sadaandam,(212) 121-2112,123456789111,rajeshpulumati@gmail.com,Food,India,Andhra Pradesh,,,,qa,https://chatrasahaya.org/wp-content/uploads/gravity_forms/3-e3a5298cc0b523bab1a3a6347a621687/2023/11/SRS_Food-Review-Page1.docx
For Self,Vivek,(112) 212-1211,121211111111,pkpulumati@gmail.com,Food,India,Andhra Pradesh,,,,Ap Food Flus,https://chatrasahaya.org/wp-content/uploads/gravity_forms/3-e3a5298cc0b523bab1a3a6347a621687/2023/11/Food-Review_Software-Report.docx
For Others,Dinesh,(111) 111-1111,123456789011,rajeshpulumati@gmail.com,Education,India,Andhra Pradesh,,,,Education needs,https://chatrasahaya.org/wp-content/uploads/gravity_forms/3-e3a5298cc0b523bab1a3a6347a621687/2023/11/Project-Plan-Food-Review-Page1.docx
For Self,Laxmi,(122) 312-1211,789178919111,laxmi@gmail.com,Health,India,TamilNadu,,,,Helath,https://chatrasahaya.org/wp-content/uploads/gravity_forms/3-e3a5298cc0b523bab1a3a6347a621687/2023/11/Test-Plan-Food-Review-Page.docx
For Others,vikas,(123) 456-7891,123456789012,rajesh.pulumati@gmail.com,Food,India,TamilNadu,,,,Education Need,https://chatrasahaya.org/wp-content/uploads/gravity_forms/3-e3a5298cc0b523bab1a3a6347a621687/2023/11/Project-Plan-Food-Review-Page.docx
For Self,Ganesh,(212) 121-2121,905196198213,pkpulumati@gmail.com,Education,India,TamilNadu,,,,Food need1,https://chatrasahaya.org/wp-content/uploads/gravity_forms/3-e3a5298cc0b523bab1a3a6347a621687/2023/11/SRS_Food-Review-Page.docx
For Others,raj,(123) 456-7891,123456789012,rajesh.pulumati@gmail.com,Food,India,Telangana,,,,warsnl,https://chatrasahaya.org/wp-content/uploads/gravity_forms/3-e3a5298cc0b523bab1a3a6347a621687/2023/11/SDS-Template_Chatrasahaya1.docx
For Others,Rajesh,(872) 121-2121,905196198213,rajesh.pulumati@gmail.com,Food,India,Telangana,,,,qa,https://chatrasahaya.org/wp-content/uploads/gravity_forms/3-e3a5298cc0b523bab1a3a6347a621687/2023/10/Legacy-Fields-vs-New-Fields2.xlsx
For Self,rajesh,(886) 506-1111,905196198213,rajesh.pulumati@gmail.com,Food,India,Telangana,,,,qa,https://chatrasahaya.org/wp-content/uploads/gravity_forms/3-e3a5298cc0b523bab1a3a6347a621687/2023/10/Legacy-Fields-vs-New-Fields1.xlsx
For Self,jeevan,(563) 232-6315,557151973024,jeevanchowdary75@gmail.com,Food,India,Telangana,,,,test,https://chatrasahaya.org/wp-content/uploads/gravity_forms/3-e3a5298cc0b523bab1a3a6347a621687/2023/10/test2.txt
For Self,Rajesh,(868) 650-2362,905196198213,pkpulumati@gmail.com,Food,India,Telangana,,,,hi,https://chatrasahaya.org/wp-content/uploads/gravity_forms/3-e3a5298cc0b523bab1a3a6347a621687/2023/10/Legacy-Fields-vs-New-Fields.xlsx
